INSERT INTO users(id, email, password, firstname, lastname, street, zip, phone) VALUES (1, 'admin', '8c6976e5b5410415bde908bd4dee15dfb167a9c873fc4bb8a81f6f2ab448a918', 'admin', 'admin', 'admin', 'admin', 'admin');

INSERT INTO role(email, name) VALUES ('admin', 'admin');

INSERT INTO category(id, name) VALUES (1, 'MEAT');
INSERT INTO category(id, name) VALUES (2, 'FISH');
INSERT INTO category(id, name) VALUES (3, 'VEGETABLES');
INSERT INTO category(id, name) VALUES (4, 'SAUCES');

INSERT INTO ingredient(id, name, price, idcategory) VALUES (1, 'Bacon', 1, 1);
INSERT INTO ingredient(id, name, price, idcategory) VALUES (2, 'Salami', 1, 1);
INSERT INTO ingredient(id, name, price, idcategory) VALUES (3, 'Ham', 1, 1);
INSERT INTO ingredient(id, name, price, idcategory) VALUES (4, 'Minced Meat', 1, 1);
INSERT INTO ingredient(id, name, price, idcategory) VALUES (5, 'Chicken Strips', 1, 1);
INSERT INTO ingredient(id, name, price, idcategory) VALUES (6, 'Tuna', 1, 2);
INSERT INTO ingredient(id, name, price, idcategory) VALUES (7, 'Crab', 1, 2);
INSERT INTO ingredient(id, name, price, idcategory) VALUES (8, 'Anchovies', 1, 2);
INSERT INTO ingredient(id, name, price, idcategory) VALUES (9, 'Pineapple', 1, 3);
INSERT INTO ingredient(id, name, price, idcategory) VALUES (10, 'Spinat', 1, 3);
INSERT INTO ingredient(id, name, price, idcategory) VALUES (11, 'Paprika', 1, 3);
INSERT INTO ingredient(id, name, price, idcategory) VALUES (12, 'Mushrooms', 1, 3);
INSERT INTO ingredient(id, name, price, idcategory) VALUES (13, 'Olives', 1, 3);
INSERT INTO ingredient(id, name, price, idcategory) VALUES (14, 'Egg', 1, 3);
INSERT INTO ingredient(id, name, price, idcategory) VALUES (15, 'Onions', 1, 3);
INSERT INTO ingredient(id, name, price, idcategory) VALUES (16, 'Broccoli', 1, 3);
INSERT INTO ingredient(id, name, price, idcategory) VALUES (17, 'Onions', 1, 3);
INSERT INTO ingredient(id, name, price, idcategory) VALUES (18, 'Artichokes', 1, 3);
INSERT INTO ingredient(id, name, price, idcategory) VALUES (19, 'Pepperoni', 1, 3);
INSERT INTO ingredient(id, name, price, idcategory) VALUES (20, 'Mozzarella', 1, 3);
INSERT INTO ingredient(id, name, price, idcategory) VALUES (21, 'Pepperoni', 1, 3);
INSERT INTO ingredient(id, name, price, idcategory) VALUES (22, 'Corn', 1, 3);
INSERT INTO ingredient(id, name, price, idcategory) VALUES (23, 'Chili Peppers', 1, 3);
INSERT INTO ingredient(id, name, price, idcategory) VALUES (24, 'Gorgonzola', 1, 3);
INSERT INTO ingredient(id, name, price, idcategory) VALUES (25, 'Garlic', 1, 3);
INSERT INTO ingredient(id, name, price, idcategory) VALUES (26, 'Tomatoes', 1, 3);
INSERT INTO ingredient(id, name, price, idcategory) VALUES (27, 'Crème Fraiche', 0.50, 4);
INSERT INTO ingredient(id, name, price, idcategory) VALUES (28, 'Barbeceau Sauce', 0.50, 4);
INSERT INTO ingredient(id, name, price, idcategory) VALUES (29, 'Spinach', 1, 3);
INSERT INTO ingredient(id, name, price, idcategory) VALUES (30, 'Curry Sauce', 0.50, 4);
INSERT INTO ingredient(id, name, price, idcategory) VALUES (31, 'Scampi', 1, 2);
INSERT INTO ingredient(id, name, price, idcategory) VALUES (32, 'Sauce Hollandaise', 0.50, 4);

INSERT INTO users (id, email, password, firstname, lastname, zip, street, phone) VALUES (2, 'marcel.mueller@test.de', '1f7d8737f70b022f518d7181ec439a24f09ca41df0b9a0cfc8b2622da537a10e', 'Marcel', 'Müller', '28615', 'Berner Straße 9', '67819400');
INSERT INTO users (id, email, password, firstname, lastname, zip, street, phone) VALUES (3, 'heinz.frech@test.de', '7f508eb48af994ebd62614945cedafffea9e99b5cab9bb5dc5f158c4d918b8a0', 'Heinz', 'Frech', '91735', 'Brussenstraße 48', '78642931');
INSERT INTO users (id, email, password, firstname, lastname, zip, street, phone) VALUES (4, 'matthias.knoll@test.de', '05a642215a9ffabdf33cdcb5fb0e909fe8e51e662fb792d4f94d423982a32cb6', 'Matthias', 'Knoll', '84365', 'Wartstraße 17', '83763883');
INSERT INTO users (id, email, password, firstname, lastname, zip, street, phone) VALUES (5, 'josephine.gerhard@test.de', 'aec0e78824de1205cf98384780983c6f2b7c03f8a6e5036a508ece76f1b3c5a7', 'Josephine', 'Gerhard', '92765', 'Kieler Weg 100', '18326529');
INSERT INTO users (id, email, password, firstname, lastname, zip, street, phone) VALUES (6, 'anne.brunn@test.de', '90b8de4051f02b7a29484341f3a903e1b2c6a233f5465e19c634535c7b315e6f', 'Anne', 'Brunn', '15387', 'Friesenstraße 1', '83719839');

INSERT INTO role(email, name) VALUES ('marcel.mueller@test.de', 'user');
INSERT INTO role(email, name) VALUES ('heinz.frech@test.de', 'user');
INSERT INTO role(email, name) VALUES ('matthias.knoll@test.de', 'user');
INSERT INTO role(email, name) VALUES ('josephine.gerhard@test.de', 'user');
INSERT INTO role(email, name) VALUES ('anne.brunn@test.de', 'user');

INSERT INTO orders (id, orderstate, ordertime, deliverytime, payment, iduser) VALUES (1, 'DELIVERED', '2012-01-24 17:45:00', '2012-01-24 18:15:15', 'CASH', 1);
INSERT INTO orders (id, orderstate, ordertime, deliverytime, payment, iduser) VALUES (2, 'PREPARED', '2012-01-10 22:07:21', NULL, 'CASH', 2);
INSERT INTO orders (id, orderstate, ordertime, deliverytime, payment, iduser) VALUES (3, 'ORDERED', '2012-01-14 19:48:23', NULL, 'CASH', 3);
INSERT INTO orders (id, orderstate, ordertime, deliverytime, payment, iduser) VALUES (4, 'DELIVERED', '2012-01-07 22:45:01', '2012-01-07 23:10:48', 'CASH', 4);
INSERT INTO orders (id, orderstate, ordertime, deliverytime, payment, iduser) VALUES (5, 'PREPARED', '2012-01-05 18:18:00', NULL, 'CASH', 5);

INSERT INTO pizza(id) VALUES (1);
INSERT INTO pizza(id) VALUES (2);
INSERT INTO pizza(id) VALUES (3);
INSERT INTO pizza(id) VALUES (4);
INSERT INTO pizza(id) VALUES (5);
INSERT INTO pizza(id) VALUES (6);
INSERT INTO pizza(id) VALUES (7);
INSERT INTO pizza(id) VALUES (8);
INSERT INTO pizza(id) VALUES (9);
INSERT INTO pizza(id) VALUES (10);

INSERT INTO pizzaingredient(idpizza, idingredient) VALUES (1, 3);
INSERT INTO pizzaingredient(idpizza, idingredient) VALUES (1, 9);
INSERT INTO pizzaingredient(idpizza, idingredient) VALUES (2, 28);
INSERT INTO pizzaingredient(idpizza, idingredient) VALUES (2, 4);
INSERT INTO pizzaingredient(idpizza, idingredient) VALUES (2, 1);
INSERT INTO pizzaingredient(idpizza, idingredient) VALUES (2, 17);
INSERT INTO pizzaingredient(idpizza, idingredient) VALUES (3, 5);
INSERT INTO pizzaingredient(idpizza, idingredient) VALUES (3, 27);
INSERT INTO pizzaingredient(idpizza, idingredient) VALUES (3, 29);
INSERT INTO pizzaingredient(idpizza, idingredient) VALUES (3, 25);
INSERT INTO pizzaingredient(idpizza, idingredient) VALUES (4, 2);
INSERT INTO pizzaingredient(idpizza, idingredient) VALUES (5, 3);
INSERT INTO pizzaingredient(idpizza, idingredient) VALUES (5, 2);
INSERT INTO pizzaingredient(idpizza, idingredient) VALUES (5, 12);
INSERT INTO pizzaingredient(idpizza, idingredient) VALUES (5, 19);
INSERT INTO pizzaingredient(idpizza, idingredient) VALUES (6, 5);
INSERT INTO pizzaingredient(idpizza, idingredient) VALUES (6, 26);
INSERT INTO pizzaingredient(idpizza, idingredient) VALUES (6, 20);
INSERT INTO pizzaingredient(idpizza, idingredient) VALUES (7, 6);
INSERT INTO pizzaingredient(idpizza, idingredient) VALUES (7, 15);
INSERT INTO pizzaingredient(idpizza, idingredient) VALUES (8, 28);
INSERT INTO pizzaingredient(idpizza, idingredient) VALUES (8, 5);
INSERT INTO pizzaingredient(idpizza, idingredient) VALUES (8, 2);
INSERT INTO pizzaingredient(idpizza, idingredient) VALUES (8, 15);
INSERT INTO pizzaingredient(idpizza, idingredient) VALUES (9, 30);
INSERT INTO pizzaingredient(idpizza, idingredient) VALUES (9, 20);
INSERT INTO pizzaingredient(idpizza, idingredient) VALUES (9, 5);
INSERT INTO pizzaingredient(idpizza, idingredient) VALUES (9, 9);
INSERT INTO pizzaingredient(idpizza, idingredient) VALUES (10, 31);
INSERT INTO pizzaingredient(idpizza, idingredient) VALUES (10, 26);
INSERT INTO pizzaingredient(idpizza, idingredient) VALUES (10, 29);
INSERT INTO pizzaingredient(idpizza, idingredient) VALUES (10, 32);

INSERT INTO orderposition(id, idpizza, idorder, amount) VALUES (1, 1, 1, 1);
INSERT INTO orderposition(id, idpizza, idorder, amount) VALUES (2, 2, 2, 2);
INSERT INTO orderposition(id, idpizza, idorder, amount) VALUES (3, 3, 2, 1);
INSERT INTO orderposition(id, idpizza, idorder, amount) VALUES (4, 4, 2, 3);
INSERT INTO orderposition(id, idpizza, idorder, amount) VALUES (5, 5, 3, 1);
INSERT INTO orderposition(id, idpizza, idorder, amount) VALUES (6, 6, 3, 1);
INSERT INTO orderposition(id, idpizza, idorder, amount) VALUES (7, 7, 4, 1);
INSERT INTO orderposition(id, idpizza, idorder, amount) VALUES (8, 8, 4, 2);
INSERT INTO orderposition(id, idpizza, idorder, amount) VALUES (9, 9, 4, 2);
INSERT INTO orderposition(id, idpizza, idorder, amount) VALUES (10, 10, 5, 2);